Label,variety,hmotnost (g),vyska (mm),sirka (mm),sirka (mm),Objem,Hustota,Ek,c11,c12,d. area (mm2),id,Fa,k_a,Fb,Fa/Fb,Ft,rear_slope
A01,HL593/97,208.5,63,87,86.4,,,0.119,0.166435903730873,0.249686775691266,50.1783693555915,,,,,,,
A02,HL593/97,166.6,55.1,79.5,79,,,0.119,0.190575281222105,0.178604699466839,61.0756496452439,,,,,,,
A03,HL593/97,207.4,66,85,82.2,,,0.119,0.216298825849708,0.24166461746428,31.8790466858119,,,,,,,
A04,HL593/97,175.2,62,79.4,77.6,,,0.119,0.247620707615811,0.272447079756748,61.031660579959,,,,,,,
A05,HL593/97,178.8,64.3,78,78.8,,,0.119,0.247620707615811,0.272447079756748,47.3465803561922,,,,,,,
A06,HL593/97,145.4,56.9,74.4,75.8,,,0.119,0.19619384056456,0.207131799928001,48.4135359432964,,,,,,,
A07,HL593/97,188.5,61,85.2,80,,,0.119,0.156578372779468,0.155332845918231,43.8612855123532,,,,,,,
A08,HL593/97,218.8,69.7,86.6,85.6,,,0.119,0.239598884866597,0.231704420038188,70.4093289830368,,,,,,,
A09,HL593/97,178.6,58.3,81.4,80.7,,,0.119,0.19619384056456,0.185544024841519,43.7308888865914,,,,,,,
A10,HL593/97,186,61.3,84.7,78,,,0.119,0.229868206294385,0.237700864149485,63.4832518631301,,,,,,,
A11,HL593/97,235.8,73,85.8,83.6,,,0.119,0.289628748507802,0.322926221369047,54.2025931053141,,,,,,,
A12,HL593/97,200,59.5,85.7,87.3,,,0.119,0.20140639716742,0.20508126297029,69.9539160199934,,,,,,,
A13,HL593/97,197.9,64,81.3,79.7,,,0.119,0.173170512670891,0.183516133101045,67.6372764472946,,,,,,,
A14,HL593/97,182.6,67,78,77.6,,,0.119,0.243593896495021,0.276695338690604,60.3494538086157,,,,,,,
A15,HL593/97,151,60.5,75.6,74.6,,,0.119,0.251679277842365,0.239598884866597,71.6360152395148,,,,,,,
A16,HL593/97,163.5,59.1,74.6,80.9,,,0.119,0.180035144478558,0.20140639716742,50.9776927564521,,,,,,,
A17,HL593/97,171.4,61.2,78.3,75.4,,,0.119,0.259891532474145,0.287340213733381,61.9817488764405,,,,,,,
A18,HL593/97,219.7,68.6,85.5,82,,,0.119,0.231704420038188,0.225999379681423,58.2680342824766,,,,,,,
A19,HL593/97,215.2,66.8,89.7,85.3,,,0.119,0.208788314525098,0.192611838407518,47.7118963410979,,,,,,,
A20,HL593/97,209.8,59.1,86.8,86.3,,,0.119,0.227805046015148,0.220102210293401,57.6593606753505,,,,,,,
B01,B68,203.9,69.3,79,77.1,,,0.119,0.216298825849708,0.20508126297029,56.3351565603877,,,,,,,
B02,B68,186.7,57.1,79,75.9,,,0.119,0.216298825849708,0.20140639716742,47.7237870581279,,,,,,,
B03,B68,178.6,57.6,72.3,76,,,0.119,0.243593896495021,0.235635712798206,55.368760639261,,,,,,,
B04,B68,159.5,58.1,72.3,76,,,0.119,0.239598884866597,0.223937629837565,47.22097749858,,,,,,,
B05,B68,180.4,59.6,74.8,75,,,0.119,0.259891532474145,0.268230330934418,41.37163060442,,,,,,,
B06,B68,167,58.6,74.6,72.6,,,0.119,0.251679277842365,0.247620707615811,62.2875474600427,,,,,,,
B07,B68,195,62.3,74.5,74.3,,,0.119,0.239598884866597,0.235635712798206,65.4765228246376,,,,,,,
B08,B68,163.4,61.6,70.8,72.2,,,0.119,0.276695338690604,0.268230330934418,74.3598167371524,,,,,,,
B09,B68,202.5,69,73.5,75.3,,,0.119,0.294002618657958,0.311810595097945,83.953959216461,,,,,,,
B10,B68,164.2,60,75.9,74.8,,,0.119,0.294002618657958,0.307311815601136,51.8447464370198,,,,,,,
B11,B68,220.4,63.6,83.6,74,,,0.119,0.264045134515178,0.296050932778998,68.5891338425422,,,,,,,
B12,B68,183.8,61.4,71.4,76.8,,,0.119,0.294002618657958,0.298407782729977,90.0525701898096,,,,,,,
B13,B68,181.8,63.5,73.8,75.2,,,0.119,0.235635712798206,0.247620707615811,68.0463051032988,,,,,,,
B14,B68,200,67.2,75.7,73,,,0.119,0.212527514652246,0.216298825849708,70.1945796697064,,,,,,,
B15,B68,160.1,57.4,68.7,76.3,,,0.119,0.320901454613614,0.325493443456381,68.9697122742577,,,,,,,
B16,B68,163.8,53.9,73.5,73.2,,,0.119,0.243593896495021,0.264045134515178,66.9770006460849,,,,,,,
B17,B68,153.7,62.8,66.7,68.9,,,0.119,0.330116410386143,0.393012467956874,90.3690479523123,,,,,,,
B18,B68,173.8,62.6,71,73.5,,,0.119,0.247620707615811,0.285286216146912,78.9738612333827,,,,,,,
B19,B68,205.5,63.7,77.4,78.6,,,0.119,0.268230330934418,0.291680040167488,70.8130095133223,,,,,,,
B20,B68,181.8,65.4,76.8,74.5,,,0.119,0.239598884866597,0.243593896495021,72.6345456041507,,,,,,,
C01,HL143,203.7,65.2,79.8,79.9,,,0.119,0.247620707615811,0.259891532474145,50.7563380243509,,,,,,,
C02,HL143,177,62,75.6,75,,,0.119,0.325493443456381,0.3347703090372,66.9705652065543,,,,,,,
C03,HL143,188.5,63.6,78.5,75.4,,,0.119,0.294002618657958,0.307311815601136,44.8850062263575,,,,,,,
C04,HL143,188.9,65.6,78.9,76.6,,,0.119,0.251679277842365,0.251679277842365,52.8683919031825,,,,,,,
C05,HL143,224.2,69.5,78.9,83,,,0.119,0.298407782729977,0.330116410386143,60.3901989497071,,,,,,,
C06,HL143,156.1,61.7,70,71,,,0.119,0.3347703090372,0.353694282692262,64.1211487179487,,,,,,,
C07,HL143,211,68,83.3,78.6,,,0.119,0.298407782729977,0.322926221369047,70.5833867989031,,,,,,,
C08,HL143,228.7,68.5,87.3,78.5,,,0.119,0.307311815601136,0.318369855689314,62.073782930239,,,,,,,
C09,HL143,203.6,64.8,82.8,81.3,,,0.119,0.239598884866597,0.243593896495021,58.3744460455619,,,,,,,
C10,HL143,206.3,64.7,78.5,78.2,,,0.119,0.249686775691266,0.259891532474145,78.6153225434592,,,,,,,
C11,HL143,200.8,69.4,77.7,76.9,,,0.119,0.291680040167488,0.330116410386143,70.3405997008261,,,,,,,
C12,HL143,245.7,70.7,88.2,82.3,,,0.119,0.259891532474145,0.261956041080221,85.9442434233504,,,,,,,
C13,HL143,228.6,68.5,81.7,82.5,,,0.119,0.294002618657958,0.307311815601136,62.6190369601526,,,,,,,
C14,HL143,210.4,65.9,81,77.4,,,0.119,0.28097506512839,0.298407782729977,85.078180740177,,,,,,,
C15,HL143,169.2,62.7,74,74.5,,,0.119,0.327513342357012,0.373109374170895,,,,,,,,
C16,HL143,229.7,66.5,82.8,81.6,,,0.119,0.294002618657958,0.320901454613614,64.8907813649561,,,,,,,
C17,HL143,229,70.3,85.1,83.6,,,0.119,0.302844196542596,0.348917127010537,70.8019496427894,,,,,,,
C18,HL143,206.8,66.6,80.6,74.4,,,0.119,0.298407782729977,0.330116410386143,66.8046326331775,,,,,,,
C19,HL143,210.5,73.4,80.6,73.6,,,0.119,0.322926221369047,0.360480465922459,77.1664191993599,,,,,,,
C20,HL143,211.4,60.7,83.6,79.5,,,0.119,0.307311815601136,0.316340489912851,73.9444153824403,,,,,,,
D01,B143,183.3,64.6,76,71.2,206.820461384152,0.886275945683802,0.119,0.214583370045833,0.218356923539637,59.6067034720614,,,,,,,
D02,B143,222.5,71.4,81,78.6,266.599799398195,0.834584273890143,0.119,0.207131799928001,0.207131799928001,64.5073436401178,,,,,,,
D03,B143,218.5,71.3,79.7,80.1,262.988966900702,0.830833333333333,0.119,0.178604699466839,0.147794300655148,22.3814880365871,,,,,,,
D04,B143,216.6,71.5,80.4,80.4,259.87963891675,0.833462755692783,0.119,0.222162272704677,0.24166461746428,51.3577427728194,,,,,,,
D05,B143,207.9,65.5,80.7,79.2,246.53961885657,0.843272172497966,0.119,0.182058283750446,0.203453857439862,43.2081717082264,,,,,,,
D06,B143,192.6,63.6,79.8,75.3,224.272818455366,0.858775491949911,0.119,0.257834869483497,0.278753931796109,54.5197102820355,,,,,,,
D07,B143,170.4,65.4,70.2,71.8,201.303911735206,0.846481315396114,0.119,0.235635712798206,0.270292428667012,44.5715622424322,,,,,,,
D08,B143,270.5,77.1,86.6,83.6,327.28184553661,0.82650475022985,0.119,0.272345508568893,0.324940768241539,,,,,,,,
D09,B143,191.2,67.7,70.6,78.9,230.190571715145,0.830616122004357,0.119,0.218356923539637,0.229868206294385,40.9895385772969,,,,,,,
D10,B143,223.6,72,81,75.6,270.110330992979,0.827809877460082,0.119,0.24166461746428,0.257834869483497,61.3631463789375,,,,,,,
D11,B143,190.1,65.3,82,76.3,228.284854563691,0.832731546572935,0.119,0.229868206294385,0.214583370045833,58.7114144535537,,,,,,,
D12,B143,229.2,70.6,82.9,73.6,274.122367101304,0.836122941822173,0.119,0.24166461746428,0.287340213733381,41.4119036041116,,,,,,,
D13,B143,229.7,68.2,79.5,80.6,268.806419257773,0.85451828358209,0.119,0.266108574579285,0.283031496653737,51.598758763377,,,,,,,
D14,B143,231.2,73.5,84.6,77.1,278.736208625878,0.829458078445484,0.119,0.203453857439862,0.233768714052494,85.7836865642621,,,,,,,
D15,B143,192,70.7,74.7,75,230.190571715145,0.834091503267974,0.119,0.278753931796109,0.365311960823177,62.9161583685081,,,,,,,
D16,B143,262.6,77.2,855,82.6,321.163490471414,0.817652092442224,0.119,0.245659934561383,0.291680040167488,61.0275133834291,,,,,,,
D17,B143,197,63.5,75,79,230.290872617854,0.855439895470383,0.119,0.304885742281026,0.379988253409742,48.6586618189408,,,,,,,
D18,B143,226.6,79.7,91.4,88.4,268.204613841525,0.844877337322364,0.119,0.233768714052494,0.283031496653737,66.5633541500043,,,,,,,
D19,B143,201.9,68.4,76.3,77.5,239.217652958877,0.844001257861635,0.119,0.283031496653737,0.24166461746428,54.7511155635549,,,,,,,
D20,B143,262.4,67.3,83.9,84.6,318.154463390171,0.824756620428752,0.119,0.322926221369047,0.355679352701693,52.2721092462008,,,,,,,
E01,B32,233.3,73,78,85.2,284.052156469408,0.821328036723164,0.119,0.255769566469558,0.268230330934418,,E_01,28.27991,29.3737663628327,58.1641293333333,0.486208773760377,42.025895575,-4.41550140496049
E02,B32,248.8,74.2,81.2,83.7,301.003009027081,0.826569810063312,0.119,0.247620707615811,0.302844196542596,96.3622449875715,E_02,36.7427736666667,39.4090075292446,70.345534,0.522318498096363,50.335018560241,2.69358268896357
E03,B32,245.4,66.7,86.8,84.3,288.866599799398,0.849527083333333,0.119,0.259891532474145,0.289628748507802,59.694532094439,E_03,45.0525946666667,44.5162020550881,71.4682866666667,0.630385822410928,44.1199606656805,-0.338166181757007
E04,B32,258.2,80.9,82.3,83.3,311.835506519559,0.828000643293664,0.119,0.270292428667012,0.287340213733381,80.8387854594924,E_04,32.216141,34.1151654967509,58.0196623333333,0.55526246972815,46.0285918321918,-5.71168697753514
E05,B32,175.5,64.5,71.7,74.7,206.619859578736,0.849385922330097,0.119,0.231704420038188,0.220102210293401,57.0880932151129,E_05,44.689778,44.7994414353745,65.896742,0.678178869601778,41.954633697479,-1.35841529106472
E06,B32,235,71.4,77.8,83.5,291.073219658977,0.807356995175741,0.119,0.239598884866597,0.239598884866597,78.3285090450525,E_06,49.6320006666667,45.6194011818722,68.5716903333333,0.72379724672676,42.0143749449838,-4.35642226621491
E07,B32,229.4,74.9,78,84,277.231695085256,0.827466714905934,0.119,0.169786938334021,0.148975060774795,34.1397398403033,E_07,41.788564,42.3773597620305,58.2848483333333,0.716971308924226,40.2741886327078,-2.07891089394696
E08,B32,183.1,66,75.5,76.4,216.248746238716,0.846710111317254,0.119,0.231704420038188,0.255769566469558,32.8992617573631,E_08,37.7250173333333,40.43031705568,74.0436253333333,0.509497166886426,50.7313948507937,-2.96225992078561
E09,B32,211.2,68.7,79.9,77.1,249.648946840522,0.845987946966653,0.119,0.189061888060318,0.175183306350509,68.864118821213,E_09,51.099759,37.9945601206125,69.9352213333333,0.730672728644733,45.1260162071198,-1.10686871016316
E10,B32,255.2,78.3,83.9,82.4,300.902708124373,0.848114666666667,0.119,0.231704420038188,0.255769566469558,93.4483389122693,E_10,36.1398383333333,41.5236153231856,70.723523,0.511001669604798,43.8906595669643,-0.266917285361421
E11,B32,252.3,78.9,79.5,85.1,303.009027081244,0.832648460774578,0.119,0.189061888060318,0.182058283750446,50.8035328808035,E_11,58.0625406666667,48.4997211489916,82.0025036666667,0.708058145427926,45.1234203414634,-4.1136674512132
E12,B32,191.9,66.1,76.3,752,225.476429287864,0.851086743772242,0.119,0.197763753973278,0.158560388433563,67.8434631746401,E_12,44.9938843333333,40.9935289546294,77.9086123333333,0.577521316139302,48.6265918122977,3.84143004395227
E13,B32,180.7,66.6,75.8,72.8,221.664994984955,0.815194117647059,0.119,0.223937629837565,0.237700864149485,69.2934000338363,E_13,34.897686,24.6995692502729,58.9511116666667,0.591976724668494,41.0734286199095,-0.703893067553971
E14,B32,252.1,74,82.6,84,305.817452357071,0.824347982945228,0.119,0.189061888060318,0.214583370045833,64.1105169340463,E_14,34.6865926666667,26.3796437175041,59.439265,0.583563620220854,45.3611520380623,-8.01435592006544
E15,B32,255.3,73.2,82.2,85.8,308.425275827482,0.827753170731707,0.119,0.178604699466839,0.185544024841519,89.2906720205481,E_15,46.9563926666667,42.3074461450977,63.769317,0.736347743330334,42.3512578692098,-3.82295970818438
E16,B32,263.4,73.9,87.8,83.4,224.473420260782,1.17341286863271,0.119,0.287340213733381,0.336779667402502,82.4918544733087,E_16,30.5036463333333,42.5772299913074,50.626778,0.6025200010424,30.9191466186667,-1.5574033966611
E17,B32,208.6,68.6,77.8,78.2,247.542627883651,0.842683144246353,0.119,0.20508126297029,0.20508126297029,70.5392636015967,E_17,34.77103,28.0780864197421,60.0461583333333,0.579071683603406,43.4769884331797,-3.5956464807787
E18,B32,246.6,73.6,79.6,88.2,296.188565697091,0.832577717575347,0.119,0.220102210293401,0.266108574579285,86.2265075024815,E_18,39.2231203333333,32.882103346839,66.134222,0.593083567737946,47.1851894456522,-2.38763108123661
E19,B32,211.5,73.5,75.9,80.4,252.056168505517,0.839098686828492,0.119,0.203453857439862,0.192611838407518,97.7686570747243,E_19,52.6130343333333,38.3947347873809,67.5835096666667,0.778489228997277,50.1694162736156,-3.86744844786372
E20,B32,211.3,64.5,78.3,82.4,247.542627883651,0.85359035656402,0.119,0.227805046015148,0.235635712798206,97.0815806293047,E_20,49.7804256666667,38.6175042344521,77.0160833333333,0.646364025695932,48.9228512086614,-4.21327283684646
F01,HL648,211.1,78.6,70.9,74.4,240.521564694082,0.877675979983319,0.119,0.249686775691266,0.253745100790769,70.0282335556596,F_01,47.2024483333333,42.9392289338947,69.6225393333333,0.677976540145155,53.5710413580247,-1.15445447021336
F02,HL648,183.9,63.4,73.6,73.1,208.726178535607,0.88105862566074,0.119,0.249686775691266,0.218356923539637,73.9962853502355,,,,,,,
F03,HL648,143.5,57.8,67.2,67.7,159.779338014042,0.898113622096673,0.119,0.259891532474145,0.307311815601136,73.2739447961169,F_03,57.986679,53.3395687125614,69.9134523333333,0.829406602945755,52.1525428039702,-2.73402074405495
F04,HL648,180.7,69.6,69.7,71.4,205.215646940822,0.880537145650049,0.119,0.249686775691266,0.261956041080221,83.0730729067781,,,,,,,
F05,HL648,163.7,69.8,64.4,66.1,182.547642928786,0.896752197802198,0.119,0.309349571273766,0.327513342357012,60.2342731005544,F_05,63.7745943333333,55.792471363734,78.0840836666667,0.816742559284948,55.3614968708709,-2.01743409604842
F06,HL648,180.9,72.3,68.8,69.9,204.012036108325,0.886712389380531,0.119,0.245659934561383,0.257834869483497,81.5066059337211,,,,,,,
F07,HL648,162.4,63.2,69.9,68.5,182.748244734203,0.888654226125137,0.119,0.20140639716742,0.237700864149485,81.684010068662,F_07,70.244605,54.4395067282546,77.9218056666667,0.90147558053893,54.412456575,-2.13437784141287
F08,HL648,177.7,60.5,73,72.9,201.203610832497,0.883184945164507,0.119,0.20140639716742,0.218356923539637,87.8998214032177,,,,,,,
F09,HL648,170.8,61,73.6,70.7,193.681043129388,0.881862247540135,0.119,0.270377445207882,0.259891532474145,91.154140327594,F_09,52.6222696666667,49.9875154181379,78.2107396666667,0.672826646199003,54.4602376712707,2.45382376588922
F10,HL648,208.2,75.3,72.7,71.6,235.506519558676,0.88405195911414,0.119,0.313844290649227,0.341458779269087,79.4047153619586,,,,,,,
F11,HL648,198.4,70.2,71.8,76.4,223.470411233701,0.88781328545781,0.119,0.255769566469558,0.266108574579285,92.4406766340171,F_11,61.445971,50.0017745164872,61.4624626666667,0.999731679045207,50.322403544086,-3.16999576927796
F12,HL648,213.6,77.4,70.5,75.9,245.937813440321,0.868512234910277,0.119,0.189061888060318,0.158560388433563,80.8047838975079,,,,,,,
F13,HL648,199.1,70.4,74.5,72.8,226.680040120361,0.878330530973451,0.119,0.28097506512839,0.313844290649227,91.8330530430696,F_13,42.651408,42.6645514353649,68.425904,0.623322535863026,48.3840819367816,-1.38207572412412
F14,HL648,224.6,82.3,73.7,73.8,255.967903711133,0.877453761755486,0.119,0.222162272704677,0.257834869483497,79.5009906568384,,,,,,,
F15,HL648,234.7,82.4,76.5,76.5,264.69408224674,0.886683971201213,0.119,0.182058283750446,0.185544024841519,84.1425756573819,F_15,51.0634773333333,47.2510396585562,68.4628453333333,0.745856779465043,52.2085487222222,-1.84903046156724
F16,HL648,171.8,69.3,70.7,66.9,192.377131394183,0.893037539103233,0.119,0.294002618657958,0.311810595097945,97.7860100442509,,,,,,,
F17,HL648,186.8,73.1,70.5,71,208.926780341023,0.894093134901584,0.119,0.249686775691266,0.24166461746428,73.9508680555556,F_17,64.230424,54.9374571622926,68.677237,0.935250554707086,51.2258103055556,-1.62425263797256
F18,HL648,186.3,66.6,71.9,75,209.127382146439,0.890844604316547,0.119,0.243593896495021,0.259891532474145,73.0827063024208,,,,,,,
F19,HL648,186,74.8,69.9,68.5,209.428284854564,0.888132183908046,0.119,0.274507561718113,0.278753931796109,81.8156662912027,F_19,63.5074293333333,47.0903954639477,64.511442,0.984436673006524,48.9326199214092,-1.908824250724
F20,HL648,190.3,75.3,72.4,70.3,214.844533600802,0.885756769374417,0.119,0.266108574579285,0.313844290649227,71.5193050722959,,,,,,,
G01,B217,236.2,74.2,81.6,83.5,292.276830491474,0.808137954701441,0.119,0.229868206294385,0.249686775691266,63.2010273859807,G_01,44.998502,43.3222863704298,72.140487,0.623762104627877,45.0543912508039,0.0352144143725562
G02,B217,196.3,63.8,78.6,80.7,243.530591775326,0.806058896210873,0.119,0.156578372779468,0.239598884866597,69.0309649244928,,,,,,,
G03,B217,223.6,70.8,84.2,84.8,278.736208625878,0.802192155451601,0.119,0.251679277842365,0.322926221369047,87.4306194773265,G_03,41.6685046666667,37.8088587382608,60.1108056666667,0.693194912371191,36.9411977009346,-1.50372153307401
G04,B217,191,61.8,83.4,80.6,238.415245737212,0.801123264619268,0.119,0.173170512670891,0.218356923539637,70.7802764613908,,,,,,,
G05,B217,202.5,66.4,82.1,80.2,251.053159478435,0.806602077506992,0.119,0.185544024841519,0.274507561718113,73.8067621784151,G_05,34.7842233333333,31.7796338690282,56.9068046666667,0.611248927735145,40.6985681396226,-6.99462103411588
G06,B217,219.9,67.6,80.2,85.9,270.912738214644,0.811700481303221,0.119,0.166435903730873,0.187029523761324,92.5642309595785,,,,,,,
G07,B217,242.8,70,84.7,85.8,305.015045135406,0.796026307135811,0.119,0.229868206294385,0.253745100790769,102.099803889227,G_07,34.98872,35.5605734380609,58.6212783333333,0.596860406234176,34.2250680359712,-3.9997799537898
G08,B217,253.7,73.5,91.5,84.6,312.738214643932,0.811221616420782,0.119,0.212527514652246,0.261956041080221,76.8073725480111,,,,,,,
G09,B217,199.3,61.7,80.4,815,247.743229689067,0.804461943319838,0.119,0.190575281222105,0.231704420038188,78.3489481376048,G_09,28.0806906666667,38.2505925963445,73.8945406666667,0.380010355478584,46.1777796587678,-0.815655044762212
G10,B217,269.8,69.5,88,87.4,339.919759277833,0.793716730598997,0.119,0.210841649766459,0.245659934561383,79.7137041407297,,,,,,,
G11,B217,232.4,68.2,87.5,81.8,287.562688064193,0.808171607952564,0.119,0.257834869483497,0.318369855689314,80.7752266671659,G_11,35.0652413333333,37.526996187166,50.432836,0.695285931041699,31.5992911723164,-1.51690315776986
G12,B217,202.8,62.5,80,80.1,252.156469408225,0.804262529832936,0.119,0.276695338690604,0.346168462062943,110.994530924205,,,,,,,
G13,B217,210.3,68.9,83.1,77.1,263.390170511535,0.798435262757045,0.119,0.259891532474145,0.291680040167488,93.8733935203046,G_13,36.5969873333333,36.9520582596932,59.7743756666667,0.612252105106331,38.5071338085809,-1.71696643379527
G14,B217,173.7,61.8,76.3,77.2,211.935807422267,0.81958778987222,0.119,0.264045134515178,0.311810595097945,90.8320649073239,,,,,,,
G15,B217,246.2,68.3,88.6,86.2,339.919759277833,0.724288580702272,0.119,0.166435903730873,0.255769566469558,88.3755790145659,G_15,34.6529496666667,39.7798149129788,65.4026516666667,0.529840133138333,40.1161237003745,1.56488330563201
G16,B217,208.8,65.7,81.4,84.4,258.174523570712,0.808755244755245,0.119,0.223937629837565,0.270292428667012,76.9320372835161,,,,,,,
G17,B217,186.5,61.7,81.7,77.3,232.296890672016,0.802851899827288,0.119,0.176586592806176,0.278753931796109,91.3941780285598,G_17,32.691101,35.9113731891511,63.2442223333333,0.516902569023604,39.8090133217391,-0.300597524278071
G18,B217,248.4,687,87.7,82.3,248.044132397192,0.80459649122807,0.119,0.235635712798206,0.287340213733381,99.7290717951685,,,,,,,
G19,B217,197.7,64.2,81.7,82.3,248.044132397192,0.797035584310554,0.119,0.216298825849708,0.261956041080221,89.3019090120902,G_19,34.5566383333333,34.3208324487636,59.0183976666667,0.585523153788548,35.1831511910112,-0.763564105351519
G20,B217,229.6,69.6,86.6,82.8,287.061183550652,0.799829489867226,0.119,0.259891532474145,0.313844290649227,87.8468529533822,,,,,,,
H01,B231,167.5,57.6,71.5,71.9,180.2407221665,0.929312743461324,0.119,0.194153369921481,0.247620707615811,75.2101104157839,H_01,52.320802,66.3527058787984,88.591914,0.590582138229907,53.6290859166667,2.93474796410951
H02,B231,103.8,47.1,60.8,65.4,114.242728184554,0.90859174714662,0.119,0.289628748507802,0.387991117622872,73.8066590807896,,,,,,,
H03,B231,79.5,46.4,53.1,55,82.9488465396189,0.958422007255139,0.119,0.311810595097945,0.42900748731724,52.5990919142303,H_03,33.4385033333333,43.7421905412872,100.605763333333,0.332371647760803,68.0754804153006,0.71713294900752
H04,B231,98.9,50.5,59.6,60,107.422266800401,0.920665732959851,0.119,0.289628748507802,0.387991117622872,57.1444177545219,,,,,,,
H05,B231,114,50,69.9,64,126.278836509529,0.902764098490866,0.119,0.302844196542596,0.344170714489728,72.2977879496641,H_05,48.1048723333333,59.5518286378983,91.5333676666667,0.525544657206483,61.3592144175439,0.488685671629279
H06,B231,134.7,58.6,66.7,66.4,148.545636910732,0.906792032410533,0.119,0.320901454613614,0.365311960823177,37.9399558136197,,,,,,,
H07,B231,225.1,66.5,81,78.6,151.8555667001,1.48232959048877,0.119,0.243593896495021,0.272447079756748,80.2709707007016,H_07,66.9502296666667,58.8912386193908,77.7285233333333,0.861334125434949,46.265869645946,0.919064935789052
H08,B231,136.8,50.6,67.1,68.1,149.849548645938,0.912915662650602,0.119,0.283031496653737,0.350908668927297,59.8946132555083,,,,,,,
H09,B231,144.7,53.8,69.2,67.1,155.06519558676,0.933155886157827,0.119,0.272447079756748,0.289628748507802,83.3028622990005,H_09,47.472252,50.2209391189213,79.8928896666667,0.594198710274046,55.0187989277109,-0.221126634373665
H10,B231,147.5,55.8,72,69.5,165.396188565697,0.891798059429958,0.119,0.187029523761324,0.294002618657958,67.4479721605813,,,,,,,
H11,B231,203.9,64.4,76.4,78.1,232.196589769308,0.878135205183585,0.119,0.165112612797198,0.203453857439862,68.5406467333417,H_11,60.747384,57.4650857648244,79.7728303333333,0.761504684566977,53.9781957289973,-2.63392223405551
H12,B231,142.3,61.9,69.2,73,158.375125376128,0.898499683343889,0.119,0.296050932778998,0.283031496653737,58.86006950861,,,,,,,
H13,B231,136.2,54.4,68.1,67.5,145.536609829488,0.93584700206754,0.119,0.183516133101045,0.298407782729977,59.7186966751644,H_13,51.313491,56.6172432059004,83.1641766666667,0.617014357103197,59.7248003973333,1.99742862961564
H14,B231,155.3,54.3,76,73.5,174.724172517553,0.888829506314581,0.119,0.276695338690604,0.307311815601136,78.5259572771729,,,,,,,
H15,B231,143.3,50.9,69.3,66.9,157.973921765296,0.907111746031746,0.119,0.304885742281026,0.379988253409742,74.099592354582,H_15,67.436404,61.786332407898,89.80702,0.750903481710004,62.9918594656716,-1.15507682431386
H16,B231,178.6,61.5,74.6,72.8,199.297893681043,0.896145948666331,0.119,0.235635712798206,0.253745100790769,74.3064692122062,,,,,,,
H17,B231,163.3,60.4,71.6,70.6,184.553660982949,0.8848375,0.119,0.235635712798206,0.332131173015808,91.4642466630866,H_17,56.741888,56.0295903943753,82.2439416666667,0.689921796671346,56.3432258631922,-1.2228124491862
H18,B231,165.4,58.9,68.8,72.1,189.869608826479,0.871124141574221,0.119,0.285286216146912,0.332131173015808,91.7844827586207,,,,,,,
H19,B231,154.7,60.1,71.5,70.6,174.122367101304,0.88845564516129,0.119,0.218356923539637,0.291680040167488,83.8490154709877,H_19,54.499681,61.927948807831,74.3464123333333,0.733050584279034,49.863458019337,-3.23842853445285
H20,B231,178.2,60.3,70,76.2,198.996990972919,0.895490927419355,0.119,0.131731523673007,0.231704420038188,78.6757197309532,,,,,,,
I01,B273,185.8,64.9,73.8,79.1,219.458375125376,0.846629798903108,0.119,0.28097506512839,0.313844290649227,72.9391453731206,I_01,41.246318,40.5459948215304,80.7267083333333,0.510937691521961,43.9676707420635,-4.02936173413788
I02,B273,235.1,73.9,84.9,79.4,275.325977933801,0.853896903460838,0.119,0.222162272704677,0.253745100790769,85.4597903143789,,,,,,,
I03,B273,223.2,67,84.1,79.3,165.195586760281,1.35112568306011,0.119,0.165112612797198,0.274507561718113,60.6852916187716,I_03,55.222016,47.1204506330773,86.6848176666667,0.637043688692383,39.1377866816143,-1.65903328554105
I04,B273,197,65.8,75.9,79,235.707121364092,0.835782978723404,0.119,0.231704420038188,0.243593896495021,57.1239379344396,,,,,,,
I05,B273,241.3,75.5,83.2,84,289.568706118355,0.833308278489782,0.119,0.212527514652246,0.266108574579285,78.5921798197706,I_05,47.685984,42.3249391088188,78.273408,0.609223300970874,41.7280607966805,-1.91774074269664
I06,B273,173.7,61.4,74.2,75.5,193.58074222668,0.8973,0.119,0.216298825849708,0.227805046015148,62.3625051996169,,,,,,,
I07,B273,223.6,73.4,75.7,79.4,260.280842527583,0.859072061657033,0.119,0.233768714052494,0.24166461746428,46.0098730785227,I_07,53.854527,51.5229168737078,85.3766986666667,0.630787180121152,58.6853805401929,-5.90266006908206
I08,B273,254.7,74.6,82.2,81,298.796389167502,0.852419939577039,0.119,0.257834869483497,0.266108574579285,55.7961404018465,,,,,,,
I09,B273,183.1,61.5,76.7,71.5,210.631895687061,0.869289047619048,0.119,0.259891532474145,0.270292428667012,58.0783971255053,I_09,61.380664,51.9141046250507,84.9155916666667,0.722843270537969,52.6875525098592,-1.45310780518943
I10,B273,228.2,70.4,803,81,277.432296890672,0.82254302241504,0.119,0.199807858893999,0.245659934561383,68.3346030481608,,,,,,,
I11,B273,233,61.7,835,86.2,279.237713139418,0.834414511494253,0.119,0.264045134515178,0.311810595097945,101.863595990491,I_11,47.3409783333333,44.566186066444,89.8973943333333,0.526611240341364,41.5553321151833,-3.13685033493667
I12,B273,176.2,58.7,66.5,77.4,179.13741223671,0.983602463605823,0.119,0.332131173015808,0.355679352701693,77.0400193287647,,,,,,,
I13,B273,188.6,59.6,75.9,78.2,223.269809428285,0.844717879604672,0.119,0.264045134515178,0.300452848081772,64.3485867589648,I_13,43.7827363333333,40.3603479143404,65.2410333333333,0.671092012133468,41.6435315714286,-0.707359595058347
I14,B273,232,70,81.9,81.5,278.836509528586,0.832028776978417,0.119,0.233768714052494,0.257834869483497,85.5557967457564,,,,,,,
I15,B273,202.2,84.1,76.5,84,229.087261785356,0.882633099824869,0.119,0.199807858893999,0.207131799928001,58.8351301778506,I_15,40.9646403333333,43.5817596197155,75.3451476666667,0.543693145503734,54.2379113029197,-10.1021105415441
I16,B273,205.9,65.8,84.5,76.5,244.633901705115,0.841665846658467,0.119,0.220102210293401,0.296050932778998,83.503043930597,,,,,,,
I17,B273,200.5,69.8,78.9,76,229.588766298897,0.873300567933596,0.119,0.255769566469558,0.270292428667012,67.0534151864574,I_17,69.5466776666667,56.8225283095084,80.840171,0.860298497719242,52.2809772849462,0.159880973353336
I18,B273,227.6,68.5,74.2,80.4,276.028084252758,0.824553779069768,0.119,0.233768714052494,0.245659934561383,75.755434154034,,,,,,,
I19,B273,178.4,62.3,75.1,76.7,214.242728184554,0.832700374531835,0.119,0.276695338690604,0.327513342357012,72.2649855686103,I_19,41.5952816666667,38.7244675253124,84.2367946666667,0.493789938604185,41.5652469638554,-3.1085468485632
I20,B273,180.1,73.2,76.4,76.6,213.540621865597,0.843399248473462,0.119,0.276695338690604,0.296050932778998,70.987806248323,,,,,,,
