label,apple ID,variety,repetition,area (mm2),r,g,b
A,0,B231,1,95.8741719553,191.2469572431,169.8918361332,59.3218390805
A,0,B231,2,125.7894681985,194.2784353577,171.1163069644,79.2730210824
A,1,B231,1,123.5280567803,190.1203286779,158.026050014,53.9335436329
A,1,B231,2,112.1988816002,197.4123543907,170.4168533453,74.1396916069
A,2,B231,1,132.8276093914,184.7815758341,161.6795409733,56.7852512028
A,2,B231,2,133.9928886279,187.9590418338,158.6139659607,62.8905410793
A,3,B231,1,91.4638930404,203.4850003432,193.5653188714,92.0527791126
A,3,B231,2,123.6406740584,195.2982624174,170.7702152907,64.3619172741
A,4,B231,1,152.5524703866,187.4390114837,162.2876139948,58.5661908722
A,4,B231,2,98.0381355442,190.9535899215,165.3075428388,66.2099076496
A,5,B231,1,141.8690040723,197.782716159,165.6693159281,55.350087322
A,5,B231,2,133.271282529,202.6121442693,167.7008042093,68.6207613601
A,6,B231,1,142.9541723984,186.8841305753,163.0628342246,59.7532908268
A,6,B231,2,150.5839832938,195.8036402943,171.169943164,71.7976916908
A,7,B231,1,139.4229738981,188.0420817989,158.439147821,54.8964372049
A,7,B231,2,128.4186061738,186.9135978957,153.7631355378,63.0918834139
A,8,B231,1,118.3527811612,192.0621975646,171.378556109,75.2154758318
A,8,B231,2,155.8601299229,205.0028167875,175.7195746516,77.5905550015
A,9,B231,1,105.2117540207,185.903227094,159.1261500389,55.9515337178
A,9,B231,2,128.7013370603,197.0958669322,162.1446736966,62.1512928079
A,10,B231,1,56.401459467,186.5596315001,171.6563257302,73.81944984
A,10,B231,2,59.3098774167,190.5815772782,167.8226971598,70.3448269786
A,11,B231,1,58.39789253,197.9090876495,187.5282633249,85.2882088241
A,11,B231,2,63.1487729959,191.9924004845,178.3119285845,86.9619194584
A,12,B231,1,60.1261287173,188.1869358794,173.4147058312,74.2896471366
A,12,B231,2,68.9879440478,198.2138004246,177.0003336366,79.5555656658
A,13,B231,1,54.7844602755,179.8281908905,155.0498406701,63.9429847158
A,13,B231,2,57.9961343969,194.5715805416,169.9067649922,83.0211856767
A,14,B231,1,48.4771944722,193.1020716444,185.1557833405,84.3298014674
A,14,B231,2,88.3721296792,198.5980093705,179.2291126596,80.9912716722
A,15,B231,1,71.7524255105,191.5957546138,171.0355241083,71.0299803049
A,15,B231,2,71.6225272393,191.215059422,160.2352029704,71.9425514187
A,16,B231,1,62.7630768695,186.6684429642,167.8549708576,68.0593838468
A,16,B231,2,70.7233853291,192.2289766671,177.327253346,78.0860772237
A,17,B231,1,64.0016461294,183.1481082141,167.142145331,70.4471508854
A,17,B231,2,54.2493359976,192.68386898,182.2863607479,92.6050721149
A,18,B231,1,35.6515216715,183.5495681508,173.2072294763,75.7368191468
A,18,B231,2,76.5359605365,196.7980987243,179.0212254487,86.280724998
A,19,B231,1,84.1231020097,197.870397332,188.7599208571,94.3700053509
A,19,B231,2,66.4438896798,196.2790203851,186.1936737134,94.2005001888
B,0,HL 15A/98,1,162.4398501268,197.1537328126,182.2679110462,79.4120078496
B,0,HL 15A/98,2,174.903238505,203.263191997,179.0674284538,84.2431178772
B,1,HL 15A/98,1,142.7027143735,190.5310633125,162.0268607599,68.5171956299
B,1,HL 15A/98,2,169.1056933521,215.777320788,194.6453383915,104.1205075716
B,2,HL 15A/98,1,171.5730667022,187.9921728375,158.098042594,63.5658632339
B,2,HL 15A/98,2,145.0155246957,200.4613767315,167.9209783494,75.3774371435
B,3,HL 15A/98,1,141.4244188086,196.800112225,172.7726544965,76.7750037408
B,3,HL 15A/98,2,150.2644426995,201.734767328,173.6954592516,80.5230136427
B,4,HL 15A/98,1,152.4885918114,181.5209722222,148.8690763889,63.4914236111
B,4,HL 15A/98,2,128.6571240364,190.9582424995,152.899974498,72.2095607894
B,5,HL 15A/98,1,143.2545738655,186.6201384481,155.7087127865,63.6653038332
B,5,HL 15A/98,2,139.9765284198,198.0010197453,166.6275059296,77.6080401251
B,6,HL 15A/98,1,148.0719922145,198.183024614,173.3360825481,78.228906166
B,6,HL 15A/98,2,168.6093308476,202.9009455342,170.1933183089,78.4522826279
B,7,HL 15A/98,1,185.4518373565,195.7743307509,174.8052740653,75.1714499398
B,7,HL 15A/98,2,139.7271718959,204.830174254,185.3252766718,83.1626042723
B,8,HL 15A/98,1,130.6637379299,192.605071966,175.8341266698,79.3952593766
B,8,HL 15A/98,2,133.4937558276,198.7158839167,179.0197243496,85.9873884423
B,9,HL 15A/98,1,139.98470084,193.0897258566,170.7141107911,76.0969365774
B,9,HL 15A/98,2,159.2460100586,196.3934189801,165.4830622811,76.5702199212
B,10,HL 15A/98,1,106.5272615421,193.2412127237,176.5082703777,83.7305069583
B,10,HL 15A/98,2,76.1183970002,201.5947623478,185.8981629338,99.7130955191
B,11,HL 15A/98,1,58.6185096543,190.1925165635,171.641052098,85.5935158032
B,11,HL 15A/98,2,55.1268156462,201.2728496433,176.9464069381,86.3250004807
B,12,HL 15A/98,1,62.7275759392,183.8674748886,160.1594492117,79.3873810949
B,12,HL 15A/98,2,77.2696302651,191.5794038454,161.5750876101,84.7095944904
B,13,HL 15A/98,1,59.4783175363,189.5904852221,167.8731889785,82.8480761463
B,13,HL 15A/98,2,77.7543535721,193.1533151216,166.8671394545,88.1721548627
B,14,HL 15A/98,1,50.6377911784,179.8214160713,153.4532334109,71.4659158757
B,14,HL 15A/98,2,68.5258487405,194.540222168,172.1740112305,82.7808685303
B,15,HL 15A/98,1,60.8679348699,187.5023501561,168.6416097712,76.4588808454
B,15,HL 15A/98,2,76.4264140196,185.1061402069,157.7669375581,75.3355223554
B,16,HL 15A/98,1,56.1823825225,194.8899955404,171.0713356623,75.3764122194
B,16,HL 15A/98,2,78.7573999205,193.5178085104,169.4601915694,78.2407503354
B,17,HL 15A/98,1,71.6432729603,179.5889632253,154.3628638477,62.9886454735
B,17,HL 15A/98,2,58.9038426504,197.3350459756,165.0984533069,89.0497670216
B,18,HL 15A/98,1,76.4932453707,190.1838504898,166.4580391835,77.3343047119
B,18,HL 15A/98,2,78.779713906,194.4094907777,167.6536038909,79.131903471
B,19,HL 15A/98,1,57.1530309355,181.6118852384,144.9142392753,65.2357141553
B,19,HL 15A/98,2,54.7631255508,197.7726450138,166.7983807982,88.4708448424
C,0,B299,1,124.4221503962,198.8480609173,183.6425915151,90.7296921248
C,0,B299,2,134.4068849721,204.5918257407,182.7674747238,86.1262364836
C,1,B299,1,118.7288597548,196.1274318038,167.3553517305,66.5157714809
C,1,B299,2,130.7277730121,201.409749966,167.8946462455,69.1014787475
C,2,B299,1,135.5810801871,202.4159622309,194.2353613871,87.5453259979
C,2,B299,2,117.4689088152,211.1725732719,199.1618353398,98.4204011798
C,3,B299,1,121.3128299118,191.1056738812,166.8228076227,57.2310080193
C,3,B299,2,122.2471392496,198.6523964396,170.3569411161,71.2396781924
C,4,B299,1,137.6221376254,197.9444896593,178.011812491,78.575472918
C,4,B299,2,125.6246719507,194.9291920395,163.9608640237,71.8508617745
C,5,B299,1,114.043354808,195.5547453958,164.8471824785,66.7169271407
C,5,B299,2,130.8660235285,202.517322438,169.9212594648,73.8030607105
C,6,B299,1,103.1908873306,192.5802522924,168.7041998075,69.5780130706
C,6,B299,2,119.7077262463,203.8929879621,184.4217188716,92.9812132285
C,7,B299,1,113.6641415769,193.2923820483,164.0987249712,65.2504764097
C,7,B299,2,124.5370597211,201.4067823675,172.7791822499,79.8157666933
C,8,B299,1,147.3581860692,192.8013994956,171.5428693212,78.8415728342
C,8,B299,2,123.0993382408,182.3734427845,147.7395944867,70.5494824861
C,9,B299,1,125.0921411836,192.3299969035,158.5905648219,54.624249931
C,9,B299,2,136.9790202274,197.0249457203,158.7457034953,59.0557857558
C,10,B299,1,65.8555343571,186.8473610033,164.9515906824,74.9543143993
C,10,B299,2,53.4207718391,194.3577525725,170.2080215154,88.4696562208
C,11,B299,1,39.364866986,200.4129665804,193.1116361333,115.3681695792
C,11,B299,2,51.2126373635,182.8272149199,162.1075310322,78.5893789489
C,12,B299,1,53.2353435926,187.5250219834,179.539482169,84.0392574499
C,12,B299,2,85.1201313991,204.8655729256,197.2077698972,106.7813949493
C,13,B299,1,59.2984695438,189.0622834936,159.8821853734,61.4995164325
C,13,B299,2,61.2874394818,200.4164767897,174.2450093522,81.8123788471
C,14,B299,1,82.5780693436,197.4254665453,188.6898042786,95.3261012492
C,14,B299,2,53.9582388861,202.9921965318,189.2260115607,104.6009633911
C,15,B299,1,56.6005216843,180.1690327083,163.3973664396,62.6511358836
C,15,B299,2,87.8561362326,190.0581724031,172.982743058,78.2571082449
C,16,B299,1,83.2867633209,185.3094480096,160.3377118219,72.9653313948
C,16,B299,2,66.0790805452,196.3121806598,166.3119914212,87.4539203936
C,17,B299,1,56.6545952073,187.7838304437,169.4489053776,69.6011791067
C,17,B299,2,60.4444449034,200.4721068505,186.0369151228,88.0145799224
C,18,B299,1,26.4079067993,177.1872333764,149.1669210598,60.5223278932
C,18,B299,2,86.8947238451,211.074335199,203.6492108866,110.9470441279
C,19,B299,1,66.547413337,192.6997428338,165.9251552405,67.0207457818
C,19,B299,2,72.6086188483,203.7915953822,175.1858188248,79.5858648303
D,0,HL284,1,104.378741404,196.4293067845,179.1198188402,76.9783526032
D,0,HL284,2,134.5252158573,205.5531372519,184.2864592212,83.7270536641
D,1,HL284,1,165.2824093804,188.4954654751,165.723870471,60.6595793021
D,1,HL284,2,157.3808728504,199.1139767275,177.3249728311,66.5310122724
D,2,HL284,1,141.6315389842,196.5891817493,178.3243708736,74.9257266511
D,2,HL284,2,166.7375118666,207.4001376118,195.6394007631,85.8204478639
D,3,HL284,1,114.0396520097,195.7024070822,174.8273522095,74.4422281972
D,3,HL284,2,129.6265671844,208.0096790298,185.6711948207,80.4243715073
D,4,HL284,1,135.5644967752,204.9601272355,200.3620434696,96.7618031701
D,4,HL284,2,138.4114294285,207.8710156845,189.0491508929,84.2793641693
D,5,HL284,1,140.4685584692,193.3871720203,177.5487623689,69.3218955219
D,5,HL284,2,136.0810970225,205.4668793913,189.2967201546,89.5847191115
D,6,HL284,1,122.7595428777,192.4898037184,176.058162546,73.0631991099
D,6,HL284,2,120.7057231729,205.1551023935,198.4004493217,98.7148535384
D,7,HL284,1,126.9595686888,196.9958202631,175.3835914533,68.6358537667
D,7,HL284,2,140.5342908881,207.4057674184,190.5505539601,90.2039894031
D,8,HL284,1,149.5142219069,195.8136623,177.9269590815,73.1172309882
D,8,HL284,2,153.5004008838,206.0947248236,193.4067703307,83.8390398391
D,9,HL284,1,168.8906621468,200.484406277,188.2572037563,85.5540528852
D,9,HL284,2,147.3052274658,211.9983432573,202.0996877677,104.7366982675
D,10,HL284,1,78.8057407087,188.5211193172,174.0986272774,76.9476674286
D,10,HL284,2,75.6719132676,197.3145497298,176.7480989508,85.3651114503
D,11,HL284,1,52.2259436137,194.0933725951,192.3032967908,98.284156702
D,11,HL284,2,79.8856786444,204.6921773584,199.5762453406,94.9035920027
D,12,HL284,1,87.3311356505,188.5729798672,178.9628693693,77.1483437236
D,12,HL284,2,69.5846091417,198.2684876649,187.502024715,79.2399175171
D,13,HL284,1,86.5621978141,178.4323088952,175.6038371324,75.3227641787
D,13,HL284,2,52.7296768947,190.8258267717,192.4119291339,87.8259251969
D,14,HL284,1,64.992356732,186.1566218871,175.8795105666,75.3352714726
D,14,HL284,2,76.7472533807,207.8080045539,205.6256319206,111.5560901563
D,15,HL284,1,57.3574336627,183.2037623225,168.8474631455,75.1582346025
D,15,HL284,2,44.7155069095,197.2484866758,185.7023679755,97.9024282765
D,16,HL284,1,71.5272379403,188.0521471054,166.098826472,75.1505809473
D,16,HL284,2,67.7335547385,206.7325426173,201.0857717153,109.6958556457
D,17,HL284,1,67.7098777525,195.5275875833,184.4409714759,91.3158524978
D,17,HL284,2,75.360198928,208.3593363974,194.9558196348,100.1797855161
D,18,HL284,1,79.829520308,197.1519698589,186.3592808907,87.0794461972
D,18,HL284,2,75.9105965608,204.1853226845,185.2813403291,91.4441141417
D,19,HL284,1,67.0955223881,196.3249116498,183.5457560915,87.7004309009
D,19,HL284,2,62.7555465914,202.8470627227,186.1350070428,97.4408318833
E,0,Goldlane,1,116.7924377855,197.1011609513,194.4658640999,88.375999857
E,0,Goldlane,2,137.7008122104,209.0145639905,202.4395215122,94.0351583834
E,1,Goldlane,1,172.8652178432,184.9727842164,173.8072442279,73.0462311254
E,1,Goldlane,2,152.2134435733,203.6157846289,193.6779188305,92.5808809386
E,2,Goldlane,1,95.3607061699,184.9968935607,185.6920796736,80.2847970423
E,2,Goldlane,2,106.8879861081,201.4889906555,196.0815423823,94.1902785779
E,3,Goldlane,1,147.8308726912,188.2256977319,184.7325655338,78.8617042323
E,3,Goldlane,2,116.0338554676,205.807918548,201.9289273444,95.5950603515
E,4,Goldlane,1,130.3279089126,176.291088649,155.9606894563,52.6887995387
E,4,Goldlane,2,114.3055219477,183.6626565409,167.3730603527,64.169794443
E,5,Goldlane,1,109.7715282519,182.0604224146,173.168442584,71.8357625345
E,5,Goldlane,2,109.9832081614,193.7295434479,181.3606562046,80.501428802
E,6,Goldlane,1,116.77935769,192.9073868718,193.1200232517,81.8278662136
E,6,Goldlane,2,136.7882278901,206.5020807086,208.7403962891,100.8953308136
E,7,Goldlane,1,155.602435927,189.0242508496,183.9259714443,78.872365717
E,7,Goldlane,2,140.6728469176,198.2379958556,190.9100125519,84.5951975995
E,8,Goldlane,1,130.5961188524,178.6801252907,167.9123684568,64.0002317238
E,8,Goldlane,2,139.8093322587,201.9624065764,200.4040677055,90.5656634287
E,9,Goldlane,1,115.9155694302,189.7303239176,180.4038834077,75.7420822634
E,9,Goldlane,2,152.8518392663,200.8007523168,191.8976438806,86.3178538454
E,10,Goldlane,1,52.4314155498,185.9451919076,190.2288822399,90.2841658906
E,10,Goldlane,2,40.6449030775,204.163592233,211.0808380174,112.0296116505
E,11,Goldlane,1,61.2039097667,188.752985811,190.2868590289,89.7051958216
E,11,Goldlane,2,54.4982152607,196.2286128657,196.8940137015,97.9148331202
E,12,Goldlane,1,54.8717067659,176.6491450645,178.9668250933,76.4169017818
E,12,Goldlane,2,60.256004157,193.7165820643,197.6075486032,90.5014330605
E,13,Goldlane,1,73.2358828324,186.2129803587,193.991488756,98.6522060917
E,13,Goldlane,2,70.8139195124,201.9316877997,207.5283751581,111.3340737254
E,14,Goldlane,1,75.5325441005,189.1917685367,196.0298987279,95.6824691631
E,14,Goldlane,2,72.2891536159,192.7924400605,195.045374037,88.2037151703
E,15,Goldlane,1,59.6732404991,188.8209680238,192.7400139787,85.3344923991
E,15,Goldlane,2,66.7392066172,201.1296912337,203.103203236,95.291352356
E,16,Goldlane,1,75.0418080112,177.5499791753,180.6929196168,79.3373871998
E,16,Goldlane,2,72.1665946545,187.4169154229,186.7850746269,78.3245078953
E,17,Goldlane,1,83.0335644293,192.4612284864,197.207132904,95.2294530436
E,17,Goldlane,2,71.8500905364,201.6104771709,204.0328408415,104.2331047282
E,18,Goldlane,1,69.895238268,166.7031156916,160.0007297748,61.2240706541
E,18,Goldlane,2,68.3068772511,190.6443014426,186.8617219189,80.5127786758
E,19,Goldlane,1,68.2723304502,177.4601510643,178.6448615244,76.0635080491
E,19,Goldlane,2,61.4145178239,181.9504999153,177.6098796814,73.0114217929
F,0,Red Spring,1,164.4720644197,196.3182563386,194.3452945288,101.1386160005
F,0,Red Spring,2,144.1270883084,187.8165161552,166.2165190543,70.6584646383
F,1,Red Spring,1,140.6915630224,198.0165716706,199.0219667526,109.2719388855
F,1,Red Spring,2,99.6291718303,198.3166930438,198.0282671809,104.641770865
F,2,Red Spring,1,166.1816376917,198.1009152944,188.698651609,84.1111257995
F,2,Red Spring,2,145.1396729964,199.4080133123,175.3705040376,76.7662567804
F,3,Red Spring,1,140.4641038713,180.2897018224,159.9745429109,64.5782204594
F,3,Red Spring,2,115.4941906893,198.9900376416,184.1317094357,85.5268920337
F,4,Red Spring,1,112.9914527588,192.9686743872,178.4183243752,86.871456013
F,4,Red Spring,2,140.2317537062,204.2915806959,188.8914570469,94.7105570908
F,5,Red Spring,1,145.6442273552,197.1458538373,185.9898492109,93.2212340429
F,5,Red Spring,2,143.4671985362,203.2666773655,191.3127648865,96.4234537192
F,6,Red Spring,1,125.9709794847,190.6009879572,176.8713997994,80.1032299238
F,6,Red Spring,2,143.4436735293,208.7808584611,202.5887652242,109.7015648802
F,7,Red Spring,1,156.7117743767,189.1462849744,176.8952571017,80.5751548484
F,7,Red Spring,2,154.3444110831,200.8864441809,187.2429747586,88.9602303913
F,8,Red Spring,1,141.9282103151,184.2618410874,169.4627693668,76.6036541791
F,8,Red Spring,2,123.4055987671,197.1014941799,175.6356994709,80.1324021164
F,9,Red Spring,1,129.1696925704,184.989959222,169.2167384058,80.2391096799
F,9,Red Spring,2,126.0953246282,206.705504648,196.0675901838,101.01669456
F,10,Red Spring,1,47.0738795275,189.1962074218,186.4319962913,93.036336343
F,10,Red Spring,2,79.8908189446,203.8856070709,195.3008420282,100.1504798515
F,11,Red Spring,1,46.2517395868,181.2209542173,170.3243128111,82.8465763867
F,11,Red Spring,2,92.9784238512,202.2217077382,196.7180639953,101.1029441442
F,12,Red Spring,1,61.5976118075,176.259430617,169.9323899902,84.5900678802
F,12,Red Spring,2,50.5927513659,200.0420890622,193.6184896368,109.4561050687
F,13,Red Spring,1,55.0226575121,183.0396230335,183.5921547149,95.3831611551
F,13,Red Spring,2,62.8798869144,184.1255777737,167.9917827736,91.3673895396
F,14,Red Spring,1,65.4133543607,189.2871988813,183.1160935613,95.5500222462
F,14,Red Spring,2,82.2855174778,193.7373624843,178.9883910825,92.9300046841
F,15,Red Spring,1,67.6364891304,178.8266013182,164.261695884,73.0560173306
F,15,Red Spring,2,49.9389823189,182.7784142988,150.7839138405,70.1840263311
F,16,Red Spring,1,60.1163467957,176.8653576922,163.4438010958,79.8780787113
F,16,Red Spring,2,92.5146294633,189.8250338295,166.497631935,79.5263193505
F,17,Red Spring,1,68.8355172204,176.6237185109,166.6074031512,72.4421931231
F,17,Red Spring,2,53.3148686125,198.4690023799,181.8975069252,93.521887558
F,18,Red Spring,1,63.5578996448,183.6087674278,173.5096189994,83.2526437946
F,18,Red Spring,2,55.0345020462,198.4899450518,203.4893219283,112.0813837119
F,19,Red Spring,1,60.9707141703,186.4182947429,175.2293753306,93.6311532752
F,19,Red Spring,2,64.0799806108,200.3661955815,183.2130441845,97.0691520468
G,0,B32,1,143.2243548318,191.0498072215,162.8795390908,57.8174761409
G,0,B32,2,126.1505643876,202.4506164623,170.0125039517,70.1909036455
G,1,B32,1,120.5220851209,185.7991194036,154.8018483805,54.3978900562
G,1,B32,2,136.4123308246,192.6262040904,156.4902208591,61.6183977313
G,2,B32,1,131.4324040981,197.3205594942,170.4232372102,71.4010426646
G,2,B32,2,107.50985187,201.5970630966,173.2894195423,78.0985695759
G,3,B32,1,135.4609669823,189.143078089,165.1246964752,60.6836769414
G,3,B32,2,98.3721759004,197.7306093373,168.3765749099,70.0312377064
G,4,B32,1,101.4750572105,193.7430086341,175.0116049969,72.8223971282
G,4,B32,2,129.1191450171,211.5358313058,194.8190592052,101.5851013788
G,5,B32,1,116.4784828985,196.4970994127,175.4853529348,67.828369906
G,5,B32,2,125.5205434957,209.2683960608,186.8555234162,81.8932184119
G,6,B32,1,123.3898943008,196.1022210147,169.9902873056,72.7765061468
G,6,B32,2,107.7945118794,205.8316887456,175.5316032788,80.516355231
G,7,B32,1,139.4097209819,193.2052303898,163.6757925289,68.6409032122
G,7,B32,2,96.0806121133,201.215733223,176.3520384841,88.9552142966
G,8,B32,1,139.0114904044,193.993334791,169.4901869124,66.870299859
G,8,B32,2,109.6739061423,193.2284187932,162.8586024326,64.685542571
G,9,B32,1,132.8064849301,194.2084654832,167.5799289941,66.5046627219
G,9,B32,2,112.8630988608,199.7365081132,163.655589264,67.7476968466
G,10,B32,1,55.526646809,177.0937523452,147.6300187617,63.3688180113
G,10,B32,2,81.2057740948,196.2231324186,169.0894407222,80.4575944239
G,11,B32,1,67.4495890772,185.685260932,155.7437757575,72.2492784046
G,11,B32,2,49.6101898974,189.6741135864,159.2597427047,73.8006903044
G,12,B32,1,47.3471908168,189.1317282625,175.0604420882,73.5786360549
G,12,B32,2,56.3275092293,202.9312297138,198.724826645,102.2753393331
G,13,B32,1,49.2359848616,192.7727733221,165.8560151963,73.9745884339
G,13,B32,2,63.9562974826,196.0531418254,161.8089204093,78.2790474486
G,14,B32,1,78.6410112323,191.4100285624,170.0052893261,69.0693430657
G,14,B32,2,61.449115867,195.2925094203,166.0176576942,70.5664824859
G,15,B32,1,68.719255513,189.3708762536,164.3051837062,71.6478800805
G,15,B32,2,53.3691000686,197.7777540149,168.8003460746,78.9121009449
G,16,B32,1,49.2598047602,192.142899203,171.4228722845,77.0968223592
G,16,B32,2,30.0592011753,191.7695877884,168.677759824,88.0922748994
G,17,B32,1,70.8933195061,188.2533677313,169.1312645666,70.9859867196
G,17,B32,2,53.9980920394,194.2563757874,167.7599285605,77.8331348902
G,18,B32,1,64.7576810197,188.1252947877,162.3167984856,58.8809298445
G,18,B32,2,59.756410172,198.9635618389,177.1070566372,77.2742414506
G,19,B32,1,53.4986575656,180.302972177,167.7111911958,73.3351352399
G,19,B32,2,61.6360396702,198.9062526326,184.5003791006,87.2396084312
H,0,Rumba,1,159.4788546622,215.8637078756,222.9887690213,153.6416597258
H,0,Rumba,2,149.1427821762,215.5270229223,206.1027443224,116.1909864726
H,1,Rumba,1,131.2947229005,206.2419709351,198.3031762006,102.826190572
H,1,Rumba,2,129.0672531409,209.9497588655,191.6358254661,93.6902670084
H,2,Rumba,1,143.6268649736,207.2944401055,199.2079765992,100.2647691605
H,2,Rumba,2,114.8592500351,196.2591514794,178.1364871212,96.7026310216
H,3,Rumba,1,147.7889902043,203.8744605193,190.3593622299,94.5061009707
H,3,Rumba,2,142.2607728884,209.6885304499,188.2641377359,96.620682722
H,4,Rumba,1,135.8188994691,192.0032382809,174.954970604,75.8124469456
H,4,Rumba,2,118.627897531,209.3808470063,193.1649215602,100.6001097438
H,5,Rumba,1,140.120883844,195.5732266323,191.7693203943,98.173396802
H,5,Rumba,2,110.7241238704,206.1970108169,197.7691718683,105.4079692165
H,6,Rumba,1,114.310981073,199.5980458347,189.604122126,93.0011627471
H,6,Rumba,2,150.5150865902,206.4729299022,191.5014010995,96.0931142912
H,7,Rumba,1,130.6666943546,202.8450594314,185.7718606504,84.8450183592
H,7,Rumba,2,115.3007480815,203.1099577729,174.5147050617,84.2397269193
H,8,Rumba,1,92.217766829,201.3779573466,189.4349412903,100.7386924126
H,8,Rumba,2,107.0125852695,216.0345943881,206.0159349332,114.5825650718
H,9,Rumba,1,87.7527131757,195.5690200852,184.1948508825,83.1368959221
H,9,Rumba,2,122.8718833546,207.0603530098,186.3249100931,85.2429881314
H,10,Rumba,1,80.6354029558,196.0990892191,188.6151850316,92.4019339049
H,10,Rumba,2,78.2010835514,209.9596332805,194.7059488523,102.260880954
H,11,Rumba,1,66.7015473197,197.5025268844,189.8374343424,95.6845951186
H,11,Rumba,2,88.8461576179,205.8428744067,195.3289521223,103.2088404948
H,12,Rumba,1,82.7746476052,200.2592203439,200.5443893226,102.3280886323
H,12,Rumba,2,78.1702922282,209.8795231594,199.3609519922,104.2065136311
H,13,Rumba,1,36.3843087107,200.2610643458,197.4807247824,116.284519903
H,13,Rumba,2,35.197984053,198.2032489165,185.4812936702,110.8115805301
H,14,Rumba,1,32.5925973914,181.7465405388,172.7481704004,88.4394234764
H,14,Rumba,2,36.1913060378,193.064994233,190.0985294118,105.3469434833
H,15,Rumba,1,37.3997258337,183.4240382465,169.4799821069,91.337144934
H,15,Rumba,2,48.8907453855,198.1553583706,179.4253824338,96.1865976281
H,16,Rumba,1,49.1783879335,190.0102025538,182.0553547366,90.0401257673
H,16,Rumba,2,62.1293028333,200.9876277477,189.8110096097,98.4946189177
H,17,Rumba,1,51.6975034408,183.2483121848,169.3533634293,83.0921994469
H,17,Rumba,2,86.4664336656,205.1460674157,203.9871292806,112.1254498652
H,18,Rumba,1,50.7066978201,192.2714928374,170.5808611647,78.7403238178
H,18,Rumba,2,58.5642977707,206.2455565949,190.6068036267,103.6079189753
H,19,Rumba,1,60.183921494,183.8673877997,162.4726368159,70.5879140881
H,19,Rumba,2,62.8192673987,201.3073125322,186.3954984457,89.3074288944
I,0,B273,1,79.5725706837,195.5523318119,167.117324866,69.7005887412
I,0,B273,2,106.8496193475,214.958964285,191.2855915974,90.3009219956
I,1,B273,1,97.8696332748,201.0050315685,183.6242808197,73.1722153985
I,1,B273,2,104.8658583343,201.7706342661,177.8868962604,70.9674216974
I,2,B273,1,91.8099236146,189.0161112767,166.1425131298,60.7645001491
I,2,B273,2,88.9937463484,190.0849405783,157.3834919884,64.4622598002
I,3,B273,1,62.5359728876,191.4362021789,176.8997330916,79.431300465
I,3,B273,2,74.0410523039,200.8489524188,177.0780291846,82.0851975926
I,4,B273,1,122.0573099513,186.7318049993,154.1171799475,53.9059867422
I,4,B273,2,149.0834151373,212.0529363519,189.0892288983,76.5737022215
I,5,B273,1,131.1136042229,191.4853395558,167.0871258449,63.8852108143
I,5,B273,2,119.0801216971,209.3369135956,179.560973666,64.7055802504
I,6,B273,1,114.9108414221,179.1143200301,142.5259876594,46.1890053268
I,6,B273,2,123.6870040434,190.3433161461,156.7630800699,61.3146290536
I,7,B273,1,127.0219468205,187.3817368871,153.1762353898,50.3050543762
I,7,B273,2,126.5720349206,194.3323399154,158.5111884386,55.2570260731
I,8,B273,1,98.9270140192,188.0219936978,152.6602048203,57.4258644183
I,8,B273,2,88.37162485,194.4208251473,159.3336548193,69.1184259094
I,9,B273,1,110.590704871,187.7757255937,156.8726841489,59.3952639951
I,9,B273,2,102.6427054237,201.0471969137,168.1942563408,76.9162459985
I,10,B273,1,42.4893519651,180.8123228589,166.3491805299,79.5584966112
I,10,B273,2,37.5913416174,196.5816817234,181.4660180681,92.0465601112
I,11,B273,1,60.5882473386,193.3079923717,183.6705270458,91.2144070735
I,11,B273,2,33.8035274631,192.9879700643,184.1410502227,96.3640833746
I,12,B273,1,22.2141168799,180.4398427629,175.8441199869,109.4856567926
I,12,B273,2,30.5948732578,198.2721814771,190.3592358861,109.3393484564
I,13,B273,1,49.5664167055,192.6736383073,171.0418933508,68.4913101463
I,13,B273,2,49.6496521073,188.2708958061,162.3984879841,80.7134560966
I,14,B273,1,44.4837227604,188.7469039883,185.901351415,89.8759947262
I,14,B273,2,35.0413906238,198.8515575998,192.8930139482,97.6297601625
I,15,B273,1,41.296672001,188.4185349752,186.0933604164,99.6763488638
I,15,B273,2,37.8353259296,201.8740074699,202.7891547932,108.7293124914
I,16,B273,1,42.5077697287,180.8844108523,155.1870845438,79.2951400857
I,16,B273,2,58.8753691952,202.572268234,181.9469943895,91.8421765073
I,17,B273,1,44.7684483284,187.3908774227,183.6334369813,85.3306525144
I,17,B273,2,47.5888711742,188.1683730762,180.9488737697,80.3496928463
I,18,B273,1,46.4150333265,187.5991115921,184.5358181695,94.7233759499
I,18,B273,2,23.6722972973,197.8992780419,198.4428596584,114.8374713858
I,19,B273,1,54.6286580337,179.2198004605,158.9018994628,71.6254412893
I,19,B273,2,53.6875881254,184.0117431336,151.4650827091,79.8685822409
J,0,HL862,1,114.592205825,172.838270051,158.4734902337,62.3913031667
J,0,HL862,2,108.6904994147,185.9910364841,170.47060845,72.1162488784
J,1,HL862,1,95.6368405175,171.3721515145,153.2450727434,65.9049890505
J,1,HL862,2,107.1339401799,175.1538312544,156.057100798,71.7808650345
J,2,HL862,1,111.8516788597,174.5583078879,162.2717569863,67.2621789934
J,2,HL862,2,77.8361672462,177.7961607072,161.3073697383,70.6381293432
J,3,HL862,1,79.979038636,172.1142227694,158.512551027,69.4719626774
J,3,HL862,2,88.473876405,193.1790917082,174.8332845004,78.4771286258
J,4,HL862,1,119.6740812585,170.8381555546,159.7280440724,67.2024552119
J,4,HL862,2,103.7635999318,194.0858573742,182.5045282793,82.6288910214
J,5,HL862,1,89.8675601314,166.9164158103,151.5005709145,59.3376699768
J,5,HL862,2,101.3542262078,172.6876880257,153.4718294006,70.2089208604
J,6,HL862,1,104.7224874891,165.6209308316,150.0201501853,54.6890986903
J,6,HL862,2,94.4118210826,191.620464003,176.1358411015,78.2872624263
J,7,HL862,1,93.4545640193,182.1470944108,167.6956319032,73.96531054
J,7,HL862,2,110.6041219696,188.9325956584,170.644207938,75.7238693208
J,8,HL862,1,78.3913550348,155.5679089,139.4149702102,59.2750439251
J,8,HL862,2,96.7447124931,180.6678098341,162.5618596476,69.5989518584
J,9,HL862,1,117.2355587777,176.0199654546,163.9123167545,62.2005934718
J,9,HL862,2,94.478879246,180.6395910658,161.9491028485,68.9120308348
J,10,HL862,1,20.154077059,143.6437740044,118.4766525167,57.6413988276
J,10,HL862,2,60.551519409,178.8105333288,165.8398817862,71.1219378865
J,11,HL862,1,47.8439192702,161.6905111697,151.7976061876,64.3306399343
J,11,HL862,2,17.4995924807,169.2561280932,147.9577292576,69.1606404658
J,12,HL862,1,69.0503483581,159.694501507,149.0223418452,65.3884182273
J,12,HL862,2,36.6896399343,172.9242951814,159.5498427496,70.7093676289
J,13,HL862,1,52.0178824972,166.6370296833,154.9117244118,64.9776630597
J,13,HL862,2,37.9426520594,162.1358707439,143.0791314249,69.5225005422
J,14,HL862,1,49.2328907266,152.6262547939,140.1871869564,62.3527883144
J,14,HL862,2,41.3652571453,160.6798315559,144.0135801854,68.3148858766
J,15,HL862,1,34.1234521551,152.5212294711,143.1088744915,67.2662347446
J,15,HL862,2,13.5611350562,170.2501503759,153.4115789474,75.2038345865
J,16,HL862,1,17.1269124079,154.6707897241,139.0514985728,69.0705280685
J,16,HL862,2,11.8833619689,155.3533174143,140.6392631758,78.3690943203
J,17,HL862,1,30.2975271784,167.5712831303,169.774968609,74.4560016289
J,17,HL862,2,32.1026795595,174.6985037327,170.2199865432,91.1963089936
J,18,HL862,1,32.0301795523,158.002820332,143.8325427857,58.8566117557
J,18,HL862,2,46.0225580061,168.019409207,145.6283338563,65.0732663947
J,19,HL862,1,48.9858236417,158.3310649953,145.7521752871,63.6805646266
J,19,HL862,2,33.073483973,160.413509061,141.5007926393,70.8136520469
K,0,B143,1,116.8104482533,190.46608354,182.5299252425,82.5702285394
K,0,B143,2,69.1790946356,194.610036991,178.5449957318,79.5955101613
K,1,B143,1,74.8405199928,179.632904038,191.9107194732,91.3639142885
K,1,B143,2,130.3314462096,196.1658107526,188.7197094145,82.4996571028
K,2,B143,1,140.2072530568,198.3075958757,194.8994214079,101.4624953638
K,2,B143,2,120.2671190491,196.7345935532,183.3395941148,87.9480850476
K,3,B143,1,123.4185801754,205.5249503517,206.4096317614,121.288868693
K,3,B143,2,127.0596192779,189.8286924247,178.9906882062,81.9359865269
K,4,B143,1,120.872263522,170.1303847178,163.0642084368,70.8999578933
K,4,B143,2,123.5174006043,192.739856541,176.8645380469,78.2410632447
K,5,B143,1,112.2132941568,187.5267258209,178.565188427,82.6082772787
K,5,B143,2,116.4878624416,197.3306422149,191.5366197058,103.0489658798
K,6,B143,1,113.6437615126,185.2393537303,175.325017363,75.2207661659
K,6,B143,2,141.1629255043,205.1652694258,198.714506525,95.5300928141
K,7,B143,1,134.7995873295,188.1442307692,172.0134630806,70.8366155697
K,7,B143,2,123.7616126148,199.8555683335,185.4572690109,80.7940887609
K,8,B143,1,85.1182533536,188.8701709943,177.392324743,81.1245920008
K,8,B143,2,70.5270604179,198.6588826225,187.4230260839,97.3446716015
K,9,B143,1,95.1392884682,196.9510537569,190.6745025744,94.7915721267
K,9,B143,2,80.7899890079,199.5105796004,182.2654972861,93.7774113662
K,10,B143,1,51.9366308932,174.6626971483,174.5037438267,81.3136649673
K,10,B143,2,55.2800472604,188.3679835237,184.0080696499,93.562797229
K,11,B143,1,57.6097529562,178.4960074815,179.1363031437,89.5266707431
K,11,B143,2,46.1074510203,191.5501489795,182.7873961064,94.7504984654
K,12,B143,1,32.224472068,176.0389552191,177.0653628245,90.220607535
K,12,B143,2,35.3274647772,176.6905373832,161.3764310748,81.110864486
K,13,B143,1,64.7238271506,183.317382531,187.2474776593,92.6284712213
K,13,B143,2,44.5511788847,200.0495641691,198.7148785237,108.5904117211
K,14,B143,1,42.5697196148,176.3635833799,177.9317856189,88.0258869812
K,14,B143,2,60.5076238903,198.1337042109,192.8486819582,97.6952755906
K,15,B143,1,44.6762529222,180.8047934916,183.573531791,91.9428895001
K,15,B143,2,30.2993715689,188.0411448407,181.6862578274,99.6538932753
K,16,B143,1,68.062032248,182.7232186358,172.8492844093,77.643955542
K,16,B143,2,58.173329721,194.6823981635,185.653088463,85.4264410158
K,17,B143,1,41.0025201828,180.316158306,178.0987396017,89.8599949584
K,17,B143,2,19.4207317073,182.1416238547,176.0081563477,90.7469413696
K,18,B143,1,51.8646324627,181.5663136058,175.4428021463,89.9236431093
K,18,B143,2,48.6281254668,183.8747316741,165.1800386814,87.0563643706
K,19,B143,1,31.8611907412,163.2610845398,164.2580144778,92.8335703206
K,19,B143,2,42.8584471962,180.0062417159,160.1339438487,94.8759850584
L,0,HL648,1,133.5682255055,209.7454895244,194.9622426077,89.1608599426
L,0,HL648,2,123.5944914472,210.1101229688,183.2685466707,73.6148187561
L,1,HL648,1,94.1402217515,189.7094779916,163.6327692988,58.6322716213
L,1,HL648,2,114.8688008928,194.1882621951,166.5745771632,64.8875036295
L,2,HL648,1,114.3600162459,187.730643293,154.3113308221,51.8341466084
L,2,HL648,2,127.6269137487,196.4410170018,161.6289611632,62.0888445466
L,3,HL648,1,133.3948126611,183.3855055002,159.5258813589,58.6833836669
L,3,HL648,2,121.2241782046,195.8753840725,167.4375887563,59.9736291732
L,4,HL648,1,119.38290048,184.3750917993,150.5279944046,54.1881360378
L,4,HL648,2,134.5930667642,192.369076165,151.6635626431,58.4699491716
L,5,HL648,1,134.0669467686,178.9352954462,153.1705309231,54.0562621204
L,5,HL648,2,117.8354943862,197.8414756174,171.1390431156,66.5694905649
L,6,HL648,1,136.1161359542,185.0795337702,147.1044796734,51.8722548764
L,6,HL648,2,123.4693191576,199.0940453447,157.6102253707,59.7153025513
L,7,HL648,1,134.1201497001,193.8042647574,167.3269232266,59.0626872641
L,7,HL648,2,130.8818710695,198.8316596342,174.0245351796,65.2849941374
L,8,HL648,1,129.6792563143,190.0936292815,173.137450103,71.4107648725
L,8,HL648,2,142.0239166524,205.6507567965,173.74,63.772850845
L,9,HL648,1,161.2131211014,183.0711911842,154.4738175293,54.5620663518
L,9,HL648,2,134.3780270403,186.7562583983,160.3377709772,59.7284907609
L,10,HL648,1,55.4959062344,183.023521053,161.9444506768,66.0940281206
L,10,HL648,2,48.4655787826,194.6907717331,173.5298977015,84.4048067457
L,11,HL648,1,52.113679713,186.8794259897,170.20882511,65.9595366519
L,11,HL648,2,51.6667122372,194.9060680294,178.3236617003,81.5325689731
L,12,HL648,1,44.5939874148,188.7085639857,179.8623528865,76.4429920454
L,12,HL648,2,55.1475200145,212.4106107388,206.3215603585,110.4022140221
L,13,HL648,1,52.177814314,181.9011437096,174.3453605172,71.4067826952
L,13,HL648,2,51.299290507,199.1300327101,191.7428017607,85.3210031095
L,14,HL648,1,52.9243337141,185.1132275132,164.6388790907,61.7645502646
L,14,HL648,2,51.7470376319,188.8035861128,169.7652179145,68.54896809
L,15,HL648,1,71.5181925346,187.5239217398,162.6396683395,61.9776711034
L,15,HL648,2,53.4126396133,193.941678825,174.8987452582,69.7205135687
L,16,HL648,1,52.7423025986,180.0159564003,158.9919922874,64.2714555542
L,16,HL648,2,61.0569899726,198.5505225888,176.4026827358,81.1762843428
L,17,HL648,1,49.8283493433,187.662689737,167.545234972,69.889083224
L,17,HL648,2,70.6364542095,192.7810457516,164.2705499617,68.1668727551
L,18,HL648,1,52.2266800162,184.9652754326,165.8697232762,61.9354377322
L,18,HL648,2,69.9826716708,202.6320431161,184.297536858,77.5061689902
L,19,HL648,1,54.1595468234,178.0103871215,163.4760827903,61.4146224607
L,19,HL648,2,54.4874658522,193.998190614,172.0607572756,79.0035806796
